Time,Ax,Ay,Az,Sx,Sy,Sz,x,y,z
1762168175.1854746,18.0,3.0,-953.0,0,0,0,0.0,0.0,0.0
1762168175.285934,0.0,-7.0,-1013.0,0,0,0,0.0,0.0,0.0
1762168175.4006495,5.0,-1.0,-981.0,0,0,0,0.0,0.0,0.0
1762168175.501349,5.0,-1.0,-981.0,0,0,0,0.0,0.0,0.0
1762168175.6166596,-1.0,-9.0,-983.0,0,0,0,0.0,0.0,0.0
1762168175.7326183,-4.0,-19.0,-1008.0,0,0,0,0.0,0.0,0.0
1762168175.8344672,2.0,-7.0,-990.0,0,0,0,0.0,0.0,0.0
1762168175.9516268,0.0,-20.0,-1007.0,0,0,0,0.0,0.0,0.0
1762168176.066634,8.0,4.0,-991.0,0,0,0,0.0,0.0,0.0
1762168176.1676254,11.0,-23.0,-1000.0,0,0,0,0.0,0.0,0.0
1762168176.2684846,-4.0,-5.0,-982.0,0,0,0,0.0,0.0,0.0
1762168176.3819747,-18.0,-8.0,-995.0,0,0,0,0.0,0.0,0.0
1762168176.4861114,7.0,-8.0,-987.0,0,0,0,0.0,0.0,0.0
1762168176.6011388,-6.0,-27.0,-1034.0,0,0,0,0.0,0.0,0.0
1762168176.7166097,-5.0,-24.0,-992.0,0,0,0,0.0,0.0,0.0
1762168176.8311357,-15.0,-20.0,-1026.0,0,0,0,0.0,0.0,0.0
1762168176.9326909,-5.0,-7.0,-981.0,0,0,0,0.0,0.0,0.0
1762168177.0349624,16.0,-20.0,-982.0,0,0,0,0.0,0.0,0.0
1762168177.1491368,-5.0,-32.0,-1002.0,0,0,0,0.0,0.0,0.0
1762168177.2507133,-1.0,-26.0,-1016.0,0,0,0,0.0,0.0,0.0
1762168177.3662097,-16.0,-17.0,-982.0,0,0,0,0.0,0.0,0.0
1762168177.4675345,-15.0,-16.0,-996.0,0,0,0,0.0,0.0,0.0
1762168177.5825953,-10.0,-18.0,-1022.0,0,0,0,0.0,0.0,0.0
1762168177.701489,-15.0,-25.0,-1021.0,0,0,0,0.0,0.0,0.0
1762168177.8173375,-34.0,-27.0,-999.0,-1,0,0,-0.11584854125976562,0.0,0.0
1762168177.9188836,9.0,0.0,-977.0,-1,0,0,-0.21739459037780762,0.0,0.0
1762168178.0199933,-1.0,-6.0,-960.0,-1,0,0,-0.31850433349609375,0.0,0.0
1762168178.1205058,-8.0,-6.0,-984.0,-1,0,0,-0.41901683807373047,0.0,0.0
1762168178.2362146,-1.0,-13.0,-992.0,-1,0,0,-0.5347256660461426,0.0,0.0
1762168178.3368042,-2.0,-15.0,-980.0,-1,0,0,-0.6353151798248291,0.0,0.0
1762168178.4513626,2.0,-9.0,-988.0,-1,0,0,-0.7498736381530762,0.0,0.0
1762168178.5517743,-12.0,-12.0,-996.0,-1,0,0,-0.8502852916717529,0.0,0.0
1762168178.6550827,-17.0,-15.0,-995.0,-1,0,0,-0.9535937309265137,0.0,0.0
1762168178.767946,-7.0,-1.0,-1001.0,0,0,0,-0.9535937309265137,0.0,0.0
1762168178.8815665,0.0,-1.0,-982.0,0,0,0,-0.9535937309265137,0.0,0.0
1762168178.9827206,-16.0,-15.0,-992.0,0,0,0,-0.9535937309265137,0.0,0.0
1762168179.0839758,-7.0,-15.0,-1005.0,0,0,0,-0.9535937309265137,0.0,0.0
1762168179.2017376,-6.0,-8.0,-966.0,0,0,0,-0.9535937309265137,0.0,0.0
1762168179.3176222,-9.0,-11.0,-1017.0,0,0,0,-0.9535937309265137,0.0,0.0
1762168179.4184694,-5.0,-17.0,-1003.0,0,0,0,-0.9535937309265137,0.0,0.0
1762168179.5396044,-14.0,-14.0,-994.0,0,0,0,-0.9535937309265137,0.0,0.0
1762168179.6516888,2.0,3.0,-981.0,0,0,0,-0.9535937309265137,0.0,0.0
1762168179.7530189,5.0,-28.0,-995.0,0,0,0,-0.9535937309265137,0.0,0.0
1762168179.8683684,-11.0,-36.0,-1007.0,0,0,0,-0.9535937309265137,0.0,0.0
1762168179.9690635,-17.0,-18.0,-1013.0,0,0,0,-0.9535937309265137,0.0,0.0
1762168180.0827067,-13.0,-23.0,-1007.0,0,0,0,-0.9535937309265137,0.0,0.0
1762168180.1849504,-9.0,-34.0,-1019.0,0,0,0,-0.9535937309265137,0.0,0.0
1762168180.3003187,-12.0,-5.0,-1018.0,0,0,0,-0.9535937309265137,0.0,0.0
1762168180.416982,-5.0,-11.0,-1008.0,0,0,0,-0.9535937309265137,0.0,0.0
1762168180.5189736,10.0,-12.0,-997.0,0,0,0,-0.9535937309265137,0.0,0.0
1762168180.6194801,-11.0,-2.0,-993.0,0,0,0,-0.9535937309265137,0.0,0.0
1762168180.7198756,-17.0,-22.0,-1013.0,0,0,0,-0.9535937309265137,0.0,0.0
1762168180.8347428,-17.0,-23.0,-1023.0,0,0,0,-0.9535937309265137,0.0,0.0
1762168180.9354281,-4.0,-6.0,-1002.0,0,0,0,-0.9535937309265137,0.0,0.0
1762168181.0520084,-9.0,-23.0,-981.0,0,0,0,-0.9535937309265137,0.0,0.0
1762168181.1673148,-1.0,3.0,-981.0,0,0,0,-0.9535937309265137,0.0,0.0
1762168181.2684362,10.0,-22.0,-966.0,0,0,0,-0.9535937309265137,0.0,0.0
1762168181.3826563,-1.0,-7.0,-985.0,0,0,0,-0.9535937309265137,0.0,0.0
1762168181.484427,2.0,7.0,-984.0,0,0,0,-0.9535937309265137,0.0,0.0
1762168181.6012955,0.0,-23.0,-1006.0,0,0,0,-0.9535937309265137,0.0,0.0
1762168181.7165823,3.0,-22.0,-1020.0,0,0,0,-0.9535937309265137,0.0,0.0
1762168181.8174493,-9.0,-12.0,-1023.0,0,0,0,-0.9535937309265137,0.0,0.0
1762168181.919728,-2.0,-1.0,-1000.0,0,0,0,-0.9535937309265137,0.0,0.0
1762168182.0334575,-18.0,-19.0,-981.0,0,0,0,-0.9535937309265137,0.0,0.0
1762168182.135203,-4.0,-10.0,-987.0,0,0,0,-0.9535937309265137,0.0,0.0
1762168182.2361426,4.0,-2.0,-980.0,0,0,0,-0.9535937309265137,0.0,0.0
1762168182.3519616,-9.0,-24.0,-1000.0,0,0,0,-0.9535937309265137,0.0,0.0
1762168182.466715,0.0,-31.0,-1009.0,0,0,0,-0.9535937309265137,0.0,0.0
1762168182.5675364,-11.0,-9.0,-1036.0,0,0,0,-0.9535937309265137,0.0,0.0
1762168182.6830492,4.0,-31.0,-1002.0,0,-1,0,-0.9535937309265137,-0.11551284790039062,0.0
1762168182.7838151,0.0,-14.0,-989.0,0,0,0,-0.9535937309265137,-0.11551284790039062,0.0
1762168182.885222,-14.0,-37.0,-997.0,0,0,0,-0.9535937309265137,-0.11551284790039062,0.0
1762168183.001106,-17.0,-17.0,-984.0,0,-1,0,-0.9535937309265137,-0.23139691352844238,0.0
1762168183.1169808,-1.0,-20.0,-975.0,0,-1,0,-0.9535937309265137,-0.3472716808319092,0.0
1762168183.2180352,32.0,-14.0,-972.0,0,-1,0,-0.9535937309265137,-0.44832611083984375,0.0
1762168183.3339677,14.0,-20.0,-982.0,0,-1,0,-0.9535937309265137,-0.5642585754394531,0.0
1762168183.4367015,-1.0,-4.0,-982.0,0,-1,0,-0.9535937309265137,-0.6669924259185791,0.0
1762168183.537133,0.0,-19.0,-992.0,0,-1,0,-0.9535937309265137,-0.7674238681793213,0.0
1762168183.6517699,5.0,-11.0,-1024.0,0,0,0,-0.9535937309265137,-0.7674238681793213,0.0
1762168183.753082,1.0,-27.0,-977.0,1,0,0,-0.8522815704345703,-0.7674238681793213,0.0
1762168183.868497,14.0,-15.0,-994.0,1,0,0,-0.7368667125701904,-0.7674238681793213,0.0
1762168183.9833534,21.0,-25.0,-999.0,1,0,0,-0.6220102310180664,-0.7674238681793213,0.0
1762168184.0843847,-1.0,-1.0,-997.0,1,0,0,-0.5209789276123047,-0.7674238681793213,0.0
1762168184.1996844,13.0,-14.0,-994.0,0,0,0,-0.5209789276123047,-0.7674238681793213,0.0
1762168184.3008132,1.0,-24.0,-1021.0,0,0,0,-0.5209789276123047,-0.7674238681793213,0.0
1762168184.4170954,4.0,-4.0,-1024.0,0,0,0,-0.5209789276123047,-0.7674238681793213,0.0
1762168184.5175433,0.0,-29.0,-1041.0,0,0,0,-0.5209789276123047,-0.7674238681793213,0.0
1762168184.6351843,4.0,0.0,-1006.0,0,0,0,-0.5209789276123047,-0.7674238681793213,0.0
1762168184.7498317,-9.0,-10.0,-999.0,0,0,0,-0.5209789276123047,-0.7674238681793213,0.0
1762168184.8510377,13.0,-11.0,-988.0,0,0,0,-0.5209789276123047,-0.7674238681793213,0.0
1762168184.9533422,10.0,-26.0,-1019.0,0,0,0,-0.5209789276123047,-0.7674238681793213,0.0
1762168185.0535865,11.0,-12.0,-991.0,0,0,0,-0.5209789276123047,-0.7674238681793213,0.0
1762168185.169492,14.0,-18.0,-1008.0,0,0,0,-0.5209789276123047,-0.7674238681793213,0.0
1762168185.2846262,10.0,-12.0,-994.0,0,0,0,-0.5209789276123047,-0.7674238681793213,0.0
1762168185.399542,10.0,-1.0,-982.0,0,0,0,-0.5209789276123047,-0.7674238681793213,0.0
1762168185.5008945,-5.0,-25.0,-1013.0,0,0,0,-0.5209789276123047,-0.7674238681793213,0.0
1762168185.601745,-5.0,-25.0,-1013.0,0,0,0,-0.5209789276123047,-0.7674238681793213,0.0
1762168185.716783,3.0,-1.0,-989.0,0,0,0,-0.5209789276123047,-0.7674238681793213,0.0
1762168185.834433,11.0,-12.0,-990.0,0,0,0,-0.5209789276123047,-0.7674238681793213,0.0
1762168185.9504352,5.0,-24.0,-981.0,0,0,0,-0.5209789276123047,-0.7674238681793213,0.0
1762168186.0663328,-5.0,-3.0,-980.0,0,0,0,-0.5209789276123047,-0.7674238681793213,0.0
1762168186.167946,-4.0,-3.0,-979.0,0,0,0,-0.5209789276123047,-0.7674238681793213,0.0
1762168186.288903,-19.0,-10.0,-999.0,0,0,0,-0.5209789276123047,-0.7674238681793213,0.0
1762168186.401539,-22.0,-28.0,-1000.0,0,0,0,-0.5209789276123047,-0.7674238681793213,0.0
1762168186.51637,-14.0,1.0,-1010.0,-1,0,0,-0.6358098983764648,-0.7674238681793213,0.0
1762168186.634527,-4.0,-23.0,-973.0,-1,0,0,-0.7539668083190918,-0.7674238681793213,0.0
1762168186.7496316,-35.0,-35.0,-1026.0,-2,0,0,-0.9841761589050293,-0.7674238681793213,0.0
1762168186.8514977,-9.0,-31.0,-1009.0,-2,0,0,-1.1879081726074219,-0.7674238681793213,0.0
1762168186.9525197,-13.0,-34.0,-1031.0,-2,0,0,-1.3899521827697754,-0.7674238681793213,0.0
1762168187.0539877,-32.0,-13.0,-1023.0,-3,0,0,-1.6943564414978027,-0.7674238681793213,0.0
1762168187.1684809,-34.0,0.0,-984.0,-3,0,0,-2.0378358364105225,-0.7674238681793213,0.0
1762168187.2691774,-31.0,-23.0,-1018.0,-3,0,0,-2.339925527572632,-0.7674238681793213,0.0
1762168187.3838243,-31.0,-15.0,-987.0,-3,0,0,-2.683866262435913,-0.7674238681793213,0.0
1762168187.4847248,-39.0,-24.0,-995.0,-4,0,0,-3.087467908859253,-0.7674238681793213,0.0
1762168187.5861518,-42.0,-25.0,-1002.0,-4,0,0,-3.493176221847534,-0.7674238681793213,0.0
1762168187.701131,-33.0,-36.0,-1002.0,-3,0,0,-3.838114023208618,-0.7674238681793213,0.0
1762168187.8166275,-14.0,-17.0,-984.0,-3,0,0,-4.184603214263916,-0.7674238681793213,0.0
1762168187.9348745,-27.0,-24.0,-1017.0,-3,0,0,-4.539344310760498,-0.7674238681793213,0.0
1762168188.0498238,-39.0,-10.0,-1014.0,-3,0,0,-4.884191989898682,-0.7674238681793213,0.0
1762168188.1509027,-23.0,-9.0,-991.0,-2,0,0,-5.086349964141846,-0.7674238681793213,0.0
1762168188.2523172,-13.0,-21.0,-998.0,-2,0,0,-5.289178848266602,-0.7674238681793213,0.0
1762168188.3529632,-22.0,-15.0,-1021.0,-2,0,0,-5.490470886230469,-0.7674238681793213,0.0
1762168188.4537702,-8.0,-14.0,-965.0,-1,0,0,-5.591277837753296,-0.7674238681793213,0.0
1762168188.5685186,-5.0,-15.0,-1013.0,-1,0,0,-5.706026315689087,-0.7674238681793213,0.0
1762168188.6695452,-3.0,-19.0,-992.0,-1,0,0,-5.807052850723267,-0.7674238681793213,0.0
1762168188.7710996,-11.0,-3.0,-1003.0,-1,0,0,-5.908607244491577,-0.7674238681793213,0.0
1762168188.8848927,-12.0,-8.0,-1012.0,0,0,0,-5.908607244491577,-0.7674238681793213,0.0
1762168188.985916,-3.0,-22.0,-981.0,0,0,0,-5.908607244491577,-0.7674238681793213,0.0
1762168189.101334,-8.0,-7.0,-1001.0,0,0,0,-5.908607244491577,-0.7674238681793213,0.0
1762168189.2169244,4.0,-19.0,-990.0,0,0,0,-5.908607244491577,-0.7674238681793213,0.0
1762168189.3326416,-11.0,-19.0,-977.0,0,0,0,-5.908607244491577,-0.7674238681793213,0.0
1762168189.4335518,-5.0,-26.0,-979.0,0,0,0,-5.908607244491577,-0.7674238681793213,0.0
1762168189.5499465,-4.0,-6.0,-996.0,0,0,0,-5.908607244491577,-0.7674238681793213,0.0
1762168189.6520205,11.0,-17.0,-990.0,0,0,0,-5.908607244491577,-0.7674238681793213,0.0
1762168189.752727,-11.0,-22.0,-1002.0,0,0,0,-5.908607244491577,-0.7674238681793213,0.0
1762168189.853157,-4.0,-18.0,-1004.0,0,0,0,-5.908607244491577,-0.7674238681793213,0.0
1762168189.9685476,12.0,-11.0,-996.0,0,0,0,-5.908607244491577,-0.7674238681793213,0.0
1762168190.06944,14.0,-4.0,-975.0,0,0,0,-5.908607244491577,-0.7674238681793213,0.0
1762168190.184461,-6.0,-6.0,-1003.0,0,0,0,-5.908607244491577,-0.7674238681793213,0.0
1762168190.3005657,1.0,-18.0,-999.0,0,0,0,-5.908607244491577,-0.7674238681793213,0.0
1762168190.4020207,-7.0,-12.0,-1013.0,0,0,0,-5.908607244491577,-0.7674238681793213,0.0
1762168190.5157866,7.0,-16.0,-980.0,0,0,0,-5.908607244491577,-0.7674238681793213,0.0
1762168190.6182556,8.0,-26.0,-1013.0,0,0,0,-5.908607244491577,-0.7674238681793213,0.0
1762168190.7351365,0.0,-12.0,-993.0,0,0,0,-5.908607244491577,-0.7674238681793213,0.0
1762168190.835525,6.0,-4.0,-993.0,0,0,0,-5.908607244491577,-0.7674238681793213,0.0
1762168190.9511375,6.0,-4.0,-993.0,0,0,0,-5.908607244491577,-0.7674238681793213,0.0
1762168191.052067,-3.0,-16.0,-995.0,0,0,0,-5.908607244491577,-0.7674238681793213,0.0
1762168191.1534576,2.0,-6.0,-976.0,0,0,0,-5.908607244491577,-0.7674238681793213,0.0
1762168191.2537158,-10.0,-13.0,-995.0,0,0,0,-5.908607244491577,-0.7674238681793213,0.0
1762168191.3683143,-9.0,-14.0,-984.0,0,0,0,-5.908607244491577,-0.7674238681793213,0.0
1762168191.4700167,-7.0,-13.0,-1014.0,0,0,0,-5.908607244491577,-0.7674238681793213,0.0
1762168191.5846994,3.0,-19.0,-988.0,0,0,0,-5.908607244491577,-0.7674238681793213,0.0
1762168191.6863508,-10.0,-16.0,-1010.0,0,0,0,-5.908607244491577,-0.7674238681793213,0.0
1762168191.801501,1.0,-17.0,-1001.0,0,0,0,-5.908607244491577,-0.7674238681793213,0.0
1762168191.915526,6.0,-15.0,-977.0,0,0,0,-5.908607244491577,-0.7674238681793213,0.0
1762168192.034651,4.0,-9.0,-985.0,0,0,0,-5.908607244491577,-0.7674238681793213,0.0
1762168192.1352007,16.0,-10.0,-998.0,0,0,0,-5.908607244491577,-0.7674238681793213,0.0
1762168192.2359521,4.0,-11.0,-991.0,0,0,0,-5.908607244491577,-0.7674238681793213,0.0
1762168192.3512676,0.0,-20.0,-984.0,0,0,0,-5.908607244491577,-0.7674238681793213,0.0
1762168192.4519687,9.0,-26.0,-991.0,0,0,0,-5.908607244491577,-0.7674238681793213,0.0
1762168192.5523758,8.0,-21.0,-1017.0,0,0,0,-5.908607244491577,-0.7674238681793213,0.0
1762168192.6532412,9.0,-23.0,-994.0,0,0,0,-5.908607244491577,-0.7674238681793213,0.0
1762168192.7534328,-1.0,-16.0,-978.0,0,0,0,-5.908607244491577,-0.7674238681793213,0.0
1762168192.854258,6.0,-13.0,-972.0,0,0,0,-5.908607244491577,-0.7674238681793213,0.0
1762168192.9696355,-5.0,-7.0,-992.0,0,0,0,-5.908607244491577,-0.7674238681793213,0.0
1762168193.0846527,0.0,-17.0,-1007.0,0,0,0,-5.908607244491577,-0.7674238681793213,0.0
1762168193.1850383,-1.0,-5.0,-1005.0,0,0,0,-5.908607244491577,-0.7674238681793213,0.0
1762168193.3005989,0.0,-14.0,-1006.0,0,0,0,-5.908607244491577,-0.7674238681793213,0.0
1762168193.401735,15.0,-11.0,-975.0,0,0,0,-5.908607244491577,-0.7674238681793213,0.0
1762168193.5176492,-7.0,-8.0,-1013.0,0,0,0,-5.908607244491577,-0.7674238681793213,0.0
1762168193.6355317,13.0,-10.0,-998.0,0,0,0,-5.908607244491577,-0.7674238681793213,0.0
1762168193.749884,-5.0,-17.0,-1009.0,0,0,0,-5.908607244491577,-0.7674238681793213,0.0
1762168193.8504255,3.0,-9.0,-1007.0,0,0,0,-5.908607244491577,-0.7674238681793213,0.0
1762168193.952523,18.0,-18.0,-986.0,0,0,0,-5.908607244491577,-0.7674238681793213,0.0
1762168194.0663927,0.0,-10.0,-1020.0,0,0,0,-5.908607244491577,-0.7674238681793213,0.0
1762168194.1694067,8.0,-3.0,-1005.0,0,0,0,-5.908607244491577,-0.7674238681793213,0.0
1762168194.2699785,1.0,-8.0,-1007.0,0,0,0,-5.908607244491577,-0.7674238681793213,0.0
1762168194.3827915,0.0,-11.0,-1020.0,0,0,0,-5.908607244491577,-0.7674238681793213,0.0
1762168194.4849513,-1.0,-12.0,-1001.0,0,0,0,-5.908607244491577,-0.7674238681793213,0.0
1762168194.6002219,5.0,-24.0,-993.0,0,0,0,-5.908607244491577,-0.7674238681793213,0.0
1762168194.7016766,22.0,-1.0,-988.0,0,0,0,-5.908607244491577,-0.7674238681793213,0.0
1762168194.8169997,-2.0,-19.0,-980.0,0,0,0,-5.908607244491577,-0.7674238681793213,0.0
1762168194.9335685,4.0,-1.0,-998.0,0,0,0,-5.908607244491577,-0.7674238681793213,0.0
1762168195.0343904,1.0,-8.0,-999.0,0,0,0,-5.908607244491577,-0.7674238681793213,0.0
1762168195.1367707,12.0,-13.0,-990.0,0,0,0,-5.908607244491577,-0.7674238681793213,0.0
1762168195.2374883,-21.0,-6.0,-997.0,0,0,0,-5.908607244491577,-0.7674238681793213,0.0
1762168195.347654,17.0,-18.0,-999.0,0,0,0,-5.908607244491577,-0.7674238681793213,0.0
1762168195.4524298,-2.0,-20.0,-995.0,0,0,0,-5.908607244491577,-0.7674238681793213,0.0
1762168195.555336,6.0,-1.0,-1002.0,0,0,0,-5.908607244491577,-0.7674238681793213,0.0
1762168195.6683023,8.0,-28.0,-1014.0,0,0,0,-5.908607244491577,-0.7674238681793213,0.0
1762168195.7700157,-1.0,-5.0,-981.0,0,0,0,-5.908607244491577,-0.7674238681793213,0.0
1762168195.8858073,-17.0,-5.0,-1000.0,0,0,0,-5.908607244491577,-0.7674238681793213,0.0
1762168195.999634,3.0,-9.0,-995.0,0,0,0,-5.908607244491577,-0.7674238681793213,0.0
1762168196.117067,0.0,-8.0,-1013.0,0,0,0,-5.908607244491577,-0.7674238681793213,0.0
1762168196.2177944,10.0,-9.0,-1001.0,0,0,0,-5.908607244491577,-0.7674238681793213,0.0
1762168196.3341427,-6.0,-7.0,-1030.0,0,0,0,-5.908607244491577,-0.7674238681793213,0.0
1762168196.4361925,6.0,-15.0,-1017.0,0,0,0,-5.908607244491577,-0.7674238681793213,0.0
1762168196.5366836,9.0,-17.0,-993.0,0,0,0,-5.908607244491577,-0.7674238681793213,0.0
1762168196.637188,10.0,-5.0,-1012.0,0,0,0,-5.908607244491577,-0.7674238681793213,0.0
1762168196.7375035,26.0,-17.0,-990.0,0,0,0,-5.908607244491577,-0.7674238681793213,0.0
1762168196.8516657,-3.0,-3.0,-956.0,0,0,0,-5.908607244491577,-0.7674238681793213,0.0
1762168196.9535062,-5.0,-13.0,-1037.0,0,0,0,-5.908607244491577,-0.7674238681793213,0.0
1762168197.053947,8.0,-4.0,-1023.0,0,0,0,-5.908607244491577,-0.7674238681793213,0.0
1762168197.1684372,1.0,-18.0,-1008.0,0,0,0,-5.908607244491577,-0.7674238681793213,0.0
1762168197.2837694,21.0,-33.0,-976.0,0,0,0,-5.908607244491577,-0.7674238681793213,0.0
1762168197.3850613,20.0,2.0,-976.0,0,0,0,-5.908607244491577,-0.7674238681793213,0.0
1762168197.500862,33.0,-19.0,-973.0,0,0,0,-5.908607244491577,-0.7674238681793213,0.0
1762168197.6164424,-11.0,-4.0,-1003.0,0,0,0,-5.908607244491577,-0.7674238681793213,0.0
1762168197.7181869,8.0,-23.0,-999.0,0,0,0,-5.908607244491577,-0.7674238681793213,0.0
1762168197.8191128,3.0,-13.0,-1005.0,0,0,0,-5.908607244491577,-0.7674238681793213,0.0
1762168197.934266,1.0,-26.0,-998.0,0,0,0,-5.908607244491577,-0.7674238681793213,0.0
1762168198.0348246,7.0,-9.0,-981.0,0,0,0,-5.908607244491577,-0.7674238681793213,0.0
1762168198.14836,-11.0,-19.0,-1006.0,0,0,0,-5.908607244491577,-0.7674238681793213,0.0
1762168198.2530663,9.0,3.0,-998.0,0,0,0,-5.908607244491577,-0.7674238681793213,0.0
1762168198.3540425,4.0,-13.0,-978.0,0,0,0,-5.908607244491577,-0.7674238681793213,0.0
1762168198.4550192,-6.0,-24.0,-994.0,0,0,0,-5.908607244491577,-0.7674238681793213,0.0
1762168198.5693884,24.0,-15.0,-980.0,0,0,0,-5.908607244491577,-0.7674238681793213,0.0
1762168198.6704645,14.0,-14.0,-1016.0,0,1,0,-5.908607244491577,-0.6663477420806885,0.0
1762168198.7860403,-6.0,0.0,-1005.0,0,1,0,-5.908607244491577,-0.550771951675415,0.0
1762168198.9001024,-2.0,-5.0,-997.0,0,1,0,-5.908607244491577,-0.4367098808288574,0.0
1762168199.0017073,-10.0,-2.0,-970.0,0,1,0,-5.908607244491577,-0.33510494232177734,0.0
1762168199.102343,8.0,8.0,-1016.0,0,1,0,-5.908607244491577,-0.23446917533874512,0.0
1762168199.2157366,1.0,0.0,-994.0,0,2,0,-5.908607244491577,-0.007682085037231445,0.0
1762168199.3345726,3.0,0.0,-997.0,0,2,0,-5.908607244491577,0.22998976707458496,0.0
1762168199.4508736,-12.0,4.0,-979.0,0,2,0,-5.908607244491577,0.46259188652038574,0.0
1762168199.551527,-2.0,-1.0,-984.0,0,2,0,-5.908607244491577,0.6638987064361572,0.0
1762168199.6526313,-4.0,7.0,-983.0,0,2,0,-5.908607244491577,0.8661072254180908,0.0
1762168199.753219,0.0,-14.0,-992.0,0,2,0,-5.908607244491577,1.0672824382781982,0.0
1762168199.853695,8.0,12.0,-977.0,0,2,0,-5.908607244491577,1.2682344913482666,0.0
1762168199.953999,16.0,-2.0,-979.0,0,2,0,-5.908607244491577,1.4688427448272705,0.0
1762168200.0682664,-2.0,-14.0,-988.0,0,1,0,-5.908607244491577,1.5831100940704346,0.0
1762168200.1697478,-8.0,2.0,-1014.0,0,1,0,-5.908607244491577,1.68459153175354,0.0
1762168200.2852945,-7.0,-19.0,-1008.0,0,1,0,-5.908607244491577,1.800138235092163,0.0
1762168200.4003863,2.0,0.0,-999.0,0,1,0,-5.908607244491577,1.9152300357818604,0.0
1762168200.5014474,8.0,-2.0,-1004.0,0,0,0,-5.908607244491577,1.9152300357818604,0.0
1762168200.6155448,-12.0,4.0,-1029.0,0,0,0,-5.908607244491577,1.9152300357818604,0.0
1762168200.718101,-3.0,-1.0,-1000.0,0,0,0,-5.908607244491577,1.9152300357818604,0.0
1762168200.8338373,14.0,-7.0,-985.0,0,0,0,-5.908607244491577,1.9152300357818604,0.0
1762168200.9513953,9.0,-15.0,-1006.0,0,0,0,-5.908607244491577,1.9152300357818604,0.0
1762168201.0675304,-14.0,-2.0,-981.0,0,0,0,-5.908607244491577,1.9152300357818604,0.0
1762168201.170056,5.0,-2.0,-980.0,0,0,0,-5.908607244491577,1.9152300357818604,0.0
1762168201.2850778,3.0,-30.0,-992.0,0,0,0,-5.908607244491577,1.9152300357818604,0.0
1762168201.386518,5.0,-15.0,-1001.0,0,0,0,-5.908607244491577,1.9152300357818604,0.0
1762168201.486863,10.0,-18.0,-1011.0,0,0,0,-5.908607244491577,1.9152300357818604,0.0
1762168201.6018066,17.0,-15.0,-998.0,0,0,0,-5.908607244491577,1.9152300357818604,0.0
1762168201.7173212,-9.0,-3.0,-987.0,0,0,0,-5.908607244491577,1.9152300357818604,0.0
1762168201.8194308,-8.0,-12.0,-967.0,0,0,0,-5.908607244491577,1.9152300357818604,0.0
1762168201.932225,-2.0,-14.0,-1006.0,0,0,0,-5.908607244491577,1.9152300357818604,0.0
1762168202.033268,15.0,-16.0,-994.0,0,0,0,-5.908607244491577,1.9152300357818604,0.0
1762168202.1353974,-7.0,0.0,-1010.0,0,0,0,-5.908607244491577,1.9152300357818604,0.0
1762168202.2497818,5.0,-7.0,-986.0,0,0,0,-5.908607244491577,1.9152300357818604,0.0
1762168202.3664846,10.0,-18.0,-984.0,0,0,0,-5.908607244491577,1.9152300357818604,0.0
1762168202.4685142,0.0,-8.0,-1029.0,0,0,0,-5.908607244491577,1.9152300357818604,0.0
1762168202.5876224,16.0,11.0,-992.0,0,0,0,-5.908607244491577,1.9152300357818604,0.0
1762168202.701742,6.0,5.0,-996.0,0,0,0,-5.908607244491577,1.9152300357818604,0.0
1762168202.8028347,11.0,-13.0,-1003.0,0,0,0,-5.908607244491577,1.9152300357818604,0.0
1762168202.9176285,43.0,-9.0,-1002.0,0,0,0,-5.908607244491577,1.9152300357818604,0.0
1762168203.0186176,8.0,-25.0,-1015.0,0,0,0,-5.908607244491577,1.9152300357818604,0.0
1762168203.1338232,10.0,-9.0,-1036.0,0,0,0,-5.908607244491577,1.9152300357818604,0.0
1762168203.251292,6.0,-5.0,-995.0,0,0,0,-5.908607244491577,1.9152300357818604,0.0
1762168203.3670025,7.0,-10.0,-1037.0,0,0,0,-5.908607244491577,1.9152300357818604,0.0
1762168203.4844375,11.0,2.0,-998.0,0,0,0,-5.908607244491577,1.9152300357818604,0.0
1762168203.5867927,6.0,-10.0,-986.0,0,0,0,-5.908607244491577,1.9152300357818604,0.0
1762168203.7018976,11.0,8.0,-972.0,0,0,0,-5.908607244491577,1.9152300357818604,0.0
1762168203.817255,2.0,-19.0,-1053.0,0,0,0,-5.908607244491577,1.9152300357818604,0.0
1762168203.9183674,8.0,-7.0,-993.0,0,0,0,-5.908607244491577,1.9152300357818604,0.0
1762168204.0338354,8.0,-18.0,-1009.0,0,0,0,-5.908607244491577,1.9152300357818604,0.0
1762168204.1524446,12.0,-9.0,-989.0,0,0,0,-5.908607244491577,1.9152300357818604,0.0
1762168204.2670417,23.0,-8.0,-999.0,0,0,0,-5.908607244491577,1.9152300357818604,0.0
1762168204.368731,15.0,-15.0,-997.0,0,0,0,-5.908607244491577,1.9152300357818604,0.0
1762168204.469187,17.0,-6.0,-989.0,0,0,0,-5.908607244491577,1.9152300357818604,0.0
1762168204.570128,18.0,-9.0,-1004.0,0,0,0,-5.908607244491577,1.9152300357818604,0.0
1762168204.6854892,11.0,-11.0,-1002.0,0,0,0,-5.908607244491577,1.9152300357818604,0.0
1762168204.7865856,12.0,-12.0,-995.0,0,0,0,-5.908607244491577,1.9152300357818604,0.0
1762168204.9021463,25.0,-20.0,-1005.0,0,0,0,-5.908607244491577,1.9152300357818604,0.0
1762168205.0169246,-6.0,-14.0,-992.0,0,0,0,-5.908607244491577,1.9152300357818604,0.0
1762168205.1182656,-1.0,-16.0,-984.0,0,0,0,-5.908607244491577,1.9152300357818604,0.0
1762168205.219246,4.0,-11.0,-1008.0,0,0,0,-5.908607244491577,1.9152300357818604,0.0
1762168205.3332684,8.0,-20.0,-1014.0,0,0,0,-5.908607244491577,1.9152300357818604,0.0
1762168205.450026,2.0,-13.0,-1014.0,0,0,0,-5.908607244491577,1.9152300357818604,0.0
1762168205.552329,3.0,-9.0,-984.0,0,0,0,-5.908607244491577,1.9152300357818604,0.0
1762168205.6669366,6.0,-5.0,-1002.0,0,0,0,-5.908607244491577,1.9152300357818604,0.0
1762168205.7698705,19.0,-11.0,-978.0,0,0,0,-5.908607244491577,1.9152300357818604,0.0
1762168205.8875704,6.0,-14.0,-1014.0,0,0,0,-5.908607244491577,1.9152300357818604,0.0
1762168206.0019548,0.0,-11.0,-994.0,0,0,0,-5.908607244491577,1.9152300357818604,0.0
1762168206.1170502,1.0,-1.0,-991.0,0,0,0,-5.908607244491577,1.9152300357818604,0.0
1762168206.2191684,-6.0,-12.0,-1001.0,0,0,0,-5.908607244491577,1.9152300357818604,0.0
1762168206.3330338,17.0,-11.0,-991.0,0,0,0,-5.908607244491577,1.9152300357818604,0.0
1762168206.4347773,2.0,-5.0,-1002.0,0,0,0,-5.908607244491577,1.9152300357818604,0.0
1762168206.550906,-2.0,-10.0,-1003.0,0,0,0,-5.908607244491577,1.9152300357818604,0.0
1762168206.651524,6.0,-16.0,-1004.0,0,0,0,-5.908607244491577,1.9152300357818604,0.0
1762168206.7517974,-11.0,-7.0,-1013.0,0,0,0,-5.908607244491577,1.9152300357818604,0.0
1762168206.8669944,4.0,-7.0,-1006.0,0,0,0,-5.908607244491577,1.9152300357818604,0.0
1762168206.9678354,7.0,8.0,-1017.0,0,0,0,-5.908607244491577,1.9152300357818604,0.0
1762168207.0685365,11.0,-21.0,-1013.0,0,0,0,-5.908607244491577,1.9152300357818604,0.0
1762168207.1691306,4.0,-17.0,-1034.0,0,0,0,-5.908607244491577,1.9152300357818604,0.0
1762168207.2696903,7.0,-22.0,-1019.0,0,0,0,-5.908607244491577,1.9152300357818604,0.0
1762168207.3702195,-3.0,3.0,-1024.0,0,0,0,-5.908607244491577,1.9152300357818604,0.0
1762168207.4706228,9.0,-22.0,-985.0,0,0,0,-5.908607244491577,1.9152300357818604,0.0
1762168207.5858383,-20.0,10.0,-1013.0,0,0,0,-5.908607244491577,1.9152300357818604,0.0
1762168207.7018738,22.0,-8.0,-1037.0,0,0,0,-5.908607244491577,1.9152300357818604,0.0
1762168207.817473,5.0,-23.0,-1010.0,0,0,0,-5.908607244491577,1.9152300357818604,0.0
1762168207.9190092,-3.0,-5.0,-1016.0,0,0,0,-5.908607244491577,1.9152300357818604,0.0
1762168208.0341277,0.0,-17.0,-991.0,0,0,0,-5.908607244491577,1.9152300357818604,0.0
1762168208.1348796,14.0,-19.0,-1014.0,0,0,0,-5.908607244491577,1.9152300357818604,0.0
1762168208.2515597,14.0,3.0,-1007.0,0,0,0,-5.908607244491577,1.9152300357818604,0.0
1762168208.3677366,-12.0,-23.0,-1014.0,0,0,0,-5.908607244491577,1.9152300357818604,0.0
1762168208.469164,-13.0,-7.0,-1044.0,0,0,0,-5.908607244491577,1.9152300357818604,0.0
1762168208.583322,0.0,5.0,-976.0,0,0,0,-5.908607244491577,1.9152300357818604,0.0
1762168208.686646,-3.0,-17.0,-975.0,0,0,0,-5.908607244491577,1.9152300357818604,0.0
1762168208.7873135,3.0,0.0,-987.0,0,0,0,-5.908607244491577,1.9152300357818604,0.0
1762168208.9027007,-4.0,-3.0,-1028.0,0,0,0,-5.908607244491577,1.9152300357818604,0.0
1762168209.0183756,5.0,-8.0,-995.0,0,0,0,-5.908607244491577,1.9152300357818604,0.0
1762168209.1205354,-4.0,6.0,-993.0,0,0,0,-5.908607244491577,1.9152300357818604,0.0
1762168209.2343495,16.0,-4.0,-990.0,0,0,0,-5.908607244491577,1.9152300357818604,0.0
1762168209.3381443,6.0,-3.0,-992.0,0,0,0,-5.908607244491577,1.9152300357818604,0.0
1762168209.4517112,21.0,-14.0,-993.0,0,0,0,-5.908607244491577,1.9152300357818604,0.0
1762168209.566373,-5.0,-11.0,-1011.0,0,0,0,-5.908607244491577,1.9152300357818604,0.0
1762168209.6673024,14.0,0.0,-989.0,0,0,0,-5.908607244491577,1.9152300357818604,0.0
1762168209.7686386,14.0,-14.0,-981.0,0,0,0,-5.908607244491577,1.9152300357818604,0.0
1762168209.8852203,6.0,-16.0,-1005.0,0,0,0,-5.908607244491577,1.9152300357818604,0.0
1762168210.0007315,15.0,-12.0,-971.0,0,0,0,-5.908607244491577,1.9152300357818604,0.0
1762168210.1024568,1.0,-9.0,-1006.0,0,0,0,-5.908607244491577,1.9152300357818604,0.0
1762168210.2029226,12.0,-4.0,-982.0,0,0,0,-5.908607244491577,1.9152300357818604,0.0
1762168210.318778,3.0,-7.0,-1015.0,0,0,0,-5.908607244491577,1.9152300357818604,0.0
1762168210.4194586,17.0,-2.0,-973.0,0,0,0,-5.908607244491577,1.9152300357818604,0.0
1762168210.5199838,19.0,-3.0,-991.0,0,0,0,-5.908607244491577,1.9152300357818604,0.0
1762168210.635338,0.0,-5.0,-1012.0,0,0,0,-5.908607244491577,1.9152300357818604,0.0
1762168210.7506554,8.0,-6.0,-992.0,0,0,0,-5.908607244491577,1.9152300357818604,0.0
1762168210.852273,12.0,-5.0,-978.0,0,0,0,-5.908607244491577,1.9152300357818604,0.0
1762168210.9658215,4.0,0.0,-1003.0,0,0,0,-5.908607244491577,1.9152300357818604,0.0
1762168211.0823932,7.0,0.0,-980.0,0,0,0,-5.908607244491577,1.9152300357818604,0.0
1762168211.1855137,6.0,-18.0,-993.0,0,0,0,-5.908607244491577,1.9152300357818604,0.0
1762168211.3010805,16.0,-11.0,-1002.0,0,0,0,-5.908607244491577,1.9152300357818604,0.0
1762168211.4015427,2.0,-15.0,-1012.0,0,0,0,-5.908607244491577,1.9152300357818604,0.0
1762168211.5035746,11.0,-7.0,-1044.0,1,0,0,-5.806575298309326,1.9152300357818604,0.0
1762168211.604033,21.0,-3.0,-1023.0,1,0,0,-5.7061169147491455,1.9152300357818604,0.0
1762168211.7045934,19.0,11.0,-989.0,1,0,0,-5.605556488037109,1.9152300357818604,0.0
1762168211.8186595,17.0,-12.0,-1025.0,1,0,0,-5.491490364074707,1.9152300357818604,0.0
1762168211.934806,10.0,2.0,-994.0,1,0,0,-5.3753437995910645,1.9152300357818604,0.0
1762168212.0504932,34.0,6.0,-985.0,1,0,0,-5.259656667709351,1.9152300357818604,0.0
1762168212.1515489,13.0,-31.0,-999.0,2,0,0,-5.05754542350769,1.9152300357818604,0.0
1762168212.2660353,19.0,-24.0,-1010.0,2,0,0,-4.828572511672974,1.9152300357818604,0.0
1762168212.3682008,33.0,-21.0,-983.0,2,0,0,-4.624241590499878,1.9152300357818604,0.0
1762168212.4837039,26.0,-20.0,-971.0,2,0,0,-4.393235445022583,1.9152300357818604,0.0
1762168212.5857155,30.0,-13.0,-985.0,2,0,0,-4.189212083816528,1.9152300357818604,0.0
1762168212.7012525,32.0,-22.0,-998.0,2,0,0,-3.9581382274627686,1.9152300357818604,0.0
1762168212.8170419,20.0,-12.0,-990.0,2,0,0,-3.7265594005584717,1.9152300357818604,0.0
1762168212.9345758,17.0,-14.0,-1010.0,2,0,0,-3.4914915561676025,1.9152300357818604,0.0
1762168213.0354314,13.0,-17.0,-1005.0,2,0,0,-3.289780378341675,1.9152300357818604,0.0
1762168213.1516309,11.0,-8.0,-989.0,2,0,0,-3.0573813915252686,1.9152300357818604,0.0
1762168213.2520618,19.0,-13.0,-967.0,1,0,0,-2.9569504261016846,1.9152300357818604,0.0
1762168213.3673682,26.0,1.0,-986.0,1,0,0,-2.841644048690796,1.9152300357818604,0.0
1762168213.4684353,10.0,-8.0,-987.0,1,0,0,-2.740576982498169,1.9152300357818604,0.0
1762168213.568742,23.0,-12.0,-1017.0,1,0,0,-2.640270233154297,1.9152300357818604,0.0
1762168213.6834652,16.0,-24.0,-983.0,1,0,0,-2.5255470275878906,1.9152300357818604,0.0
1762168213.7839627,5.0,-9.0,-1019.0,1,0,0,-2.4250495433807373,1.9152300357818604,0.0
1762168213.8851008,5.0,7.0,-978.0,0,0,0,-2.4250495433807373,1.9152300357818604,0.0
1762168213.9992354,11.0,1.0,-981.0,0,0,0,-2.4250495433807373,1.9152300357818604,0.0
1762168214.1003556,11.0,1.0,-981.0,0,0,0,-2.4250495433807373,1.9152300357818604,0.0
1762168214.2013047,-8.0,-11.0,-1020.0,0,0,0,-2.4250495433807373,1.9152300357818604,0.0
1762168214.302012,6.0,-2.0,-1018.0,0,0,0,-2.4250495433807373,1.9152300357818604,0.0
1762168214.4175298,14.0,-28.0,-999.0,0,0,0,-2.4250495433807373,1.9152300357818604,0.0
1762168214.5189724,-2.0,-9.0,-984.0,0,0,0,-2.4250495433807373,1.9152300357818604,0.0
1762168214.6199954,16.0,-11.0,-980.0,0,0,0,-2.4250495433807373,1.9152300357818604,0.0
1762168214.7205017,-10.0,-14.0,-1005.0,0,0,0,-2.4250495433807373,1.9152300357818604,0.0
1762168214.8211722,1.0,-8.0,-989.0,0,0,0,-2.4250495433807373,1.9152300357818604,0.0
1762168214.9364526,-9.0,-18.0,-1037.0,0,0,0,-2.4250495433807373,1.9152300357818604,0.0
1762168215.038015,5.0,-5.0,-1013.0,0,0,0,-2.4250495433807373,1.9152300357818604,0.0
1762168215.1527727,-2.0,-7.0,-1022.0,0,0,0,-2.4250495433807373,1.9152300357818604,0.0
1762168215.268319,-6.0,-23.0,-1015.0,0,0,0,-2.4250495433807373,1.9152300357818604,0.0
1762168215.368858,1.0,-26.0,-987.0,0,0,0,-2.4250495433807373,1.9152300357818604,0.0
1762168215.4842975,0.0,-14.0,-969.0,0,0,0,-2.4250495433807373,1.9152300357818604,0.0
1762168215.585179,-3.0,-5.0,-1006.0,0,0,0,-2.4250495433807373,1.9152300357818604,0.0
1762168215.68547,-2.0,-7.0,-997.0,0,0,0,-2.4250495433807373,1.9152300357818604,0.0
1762168215.8006349,-4.0,-18.0,-991.0,0,0,0,-2.4250495433807373,1.9152300357818604,0.0
1762168215.9185557,-4.0,-18.0,-991.0,0,0,0,-2.4250495433807373,1.9152300357818604,0.0
1762168216.019077,-16.0,-13.0,-1007.0,0,0,0,-2.4250495433807373,1.9152300357818604,0.0
1762168216.1335735,-6.0,-20.0,-992.0,0,0,0,-2.4250495433807373,1.9152300357818604,0.0
1762168216.2352781,0.0,-8.0,-1011.0,0,0,0,-2.4250495433807373,1.9152300357818604,0.0
1762168216.3367443,0.0,-23.0,-1018.0,0,0,0,-2.4250495433807373,1.9152300357818604,0.0
1762168216.4370522,-3.0,-17.0,-987.0,0,0,0,-2.4250495433807373,1.9152300357818604,0.0
1762168216.5380404,7.0,-22.0,-990.0,0,0,0,-2.4250495433807373,1.9152300357818604,0.0
1762168216.6386988,12.0,-11.0,-1004.0,0,0,0,-2.4250495433807373,1.9152300357818604,0.0
1762168216.751997,0.0,-13.0,-1015.0,0,0,0,-2.4250495433807373,1.9152300357818604,0.0
1762168216.853345,4.0,-19.0,-993.0,0,0,0,-2.4250495433807373,1.9152300357818604,0.0
1762168216.9688208,17.0,-16.0,-998.0,0,0,0,-2.4250495433807373,1.9152300357818604,0.0
1762168217.084647,-8.0,-16.0,-1006.0,0,0,0,-2.4250495433807373,1.9152300357818604,0.0
1762168217.2024953,20.0,-22.0,-989.0,0,0,0,-2.4250495433807373,1.9152300357818604,0.0
1762168217.3034372,-7.0,-19.0,-1028.0,0,0,0,-2.4250495433807373,1.9152300357818604,0.0
1762168217.4040074,24.0,-23.0,-1003.0,0,0,0,-2.4250495433807373,1.9152300357818604,0.0
1762168217.5045533,2.0,-6.0,-999.0,0,0,0,-2.4250495433807373,1.9152300357818604,0.0
1762168217.6187246,5.0,-3.0,-1000.0,0,0,0,-2.4250495433807373,1.9152300357818604,0.0
1762168217.7337873,7.0,-34.0,-998.0,0,0,0,-2.4250495433807373,1.9152300357818604,0.0
1762168217.835474,7.0,-14.0,-1006.0,0,0,0,-2.4250495433807373,1.9152300357818604,0.0
1762168217.949634,-5.0,-6.0,-1018.0,0,0,0,-2.4250495433807373,1.9152300357818604,0.0
1762168218.0685232,-6.0,-37.0,-1001.0,0,0,0,-2.4250495433807373,1.9152300357818604,0.0
1762168218.1699035,13.0,-29.0,-993.0,0,0,0,-2.4250495433807373,1.9152300357818604,0.0
1762168218.2824152,0.0,-23.0,-995.0,0,0,0,-2.4250495433807373,1.9152300357818604,0.0
1762168218.3861403,-4.0,-19.0,-1009.0,0,0,0,-2.4250495433807373,1.9152300357818604,0.0
1762168218.5018134,5.0,-15.0,-994.0,0,0,0,-2.4250495433807373,1.9152300357818604,0.0
1762168218.6037092,16.0,-23.0,-982.0,0,0,0,-2.4250495433807373,1.9152300357818604,0.0
1762168218.718153,9.0,-10.0,-987.0,0,0,0,-2.4250495433807373,1.9152300357818604,0.0
1762168218.818866,3.0,-21.0,-980.0,0,0,0,-2.4250495433807373,1.9152300357818604,0.0
1762168218.9341562,3.0,-6.0,-993.0,0,0,0,-2.4250495433807373,1.9152300357818604,0.0
1762168219.0354345,1.0,-31.0,-1011.0,0,0,0,-2.4250495433807373,1.9152300357818604,0.0
1762168219.151985,15.0,-9.0,-974.0,0,0,0,-2.4250495433807373,1.9152300357818604,0.0
1762168219.2680259,8.0,-29.0,-994.0,0,0,0,-2.4250495433807373,1.9152300357818604,0.0
1762168219.368505,4.0,-27.0,-1000.0,0,0,0,-2.4250495433807373,1.9152300357818604,0.0
1762168219.4691546,-8.0,-25.0,-1002.0,0,0,0,-2.4250495433807373,1.9152300357818604,0.0
1762168219.5698974,-29.0,-17.0,-1025.0,0,0,0,-2.4250495433807373,1.9152300357818604,0.0
1762168219.6701934,-19.0,-15.0,-1015.0,0,0,0,-2.4250495433807373,1.9152300357818604,0.0
1762168219.7705302,-7.0,-12.0,-1027.0,0,0,0,-2.4250495433807373,1.9152300357818604,0.0
1762168219.8821778,11.0,-21.0,-1019.0,0,0,0,-2.4250495433807373,1.9152300357818604,0.0
1762168219.986784,-9.0,-15.0,-1014.0,0,0,0,-2.4250495433807373,1.9152300357818604,0.0
1762168220.1021276,-3.0,-18.0,-1021.0,0,0,0,-2.4250495433807373,1.9152300357818604,0.0
1762168220.2177382,-1.0,-16.0,-999.0,0,0,0,-2.4250495433807373,1.9152300357818604,0.0
1762168220.332009,3.0,-15.0,-1005.0,0,0,0,-2.4250495433807373,1.9152300357818604,0.0
1762168220.4337628,-3.0,-16.0,-991.0,0,0,0,-2.4250495433807373,1.9152300357818604,0.0
1762168220.5341547,-5.0,-20.0,-1001.0,0,0,0,-2.4250495433807373,1.9152300357818604,0.0
1762168220.6518242,-11.0,-14.0,-996.0,0,0,0,-2.4250495433807373,1.9152300357818604,0.0
1762168220.7668915,0.0,-20.0,-1001.0,0,0,0,-2.4250495433807373,1.9152300357818604,0.0
1762168220.867461,-5.0,-15.0,-987.0,0,0,0,-2.4250495433807373,1.9152300357818604,0.0
1762168220.9678152,-9.0,-19.0,-985.0,0,0,0,-2.4250495433807373,1.9152300357818604,0.0
1762168221.068397,-10.0,-13.0,-997.0,0,0,0,-2.4250495433807373,1.9152300357818604,0.0
1762168221.1846502,-26.0,-17.0,-1001.0,0,0,0,-2.4250495433807373,1.9152300357818604,0.0
1762168221.2862473,5.0,-8.0,-1005.0,0,0,0,-2.4250495433807373,1.9152300357818604,0.0
1762168221.407137,-4.0,-14.0,-1005.0,0,0,0,-2.4250495433807373,1.9152300357818604,0.0
1762168221.5198164,-2.0,-12.0,-995.0,0,0,0,-2.4250495433807373,1.9152300357818604,0.0
1762168221.635116,17.0,-18.0,-985.0,0,0,0,-2.4250495433807373,1.9152300357818604,0.0
1762168221.7361026,-17.0,-10.0,-1007.0,0,0,0,-2.4250495433807373,1.9152300357818604,0.0
1762168221.850402,-22.0,-13.0,-1003.0,0,0,0,-2.4250495433807373,1.9152300357818604,0.0
1762168221.9677322,0.0,0.0,-1002.0,0,0,0,-2.4250495433807373,1.9152300357818604,0.0
1762168222.0688415,9.0,-20.0,-989.0,0,0,0,-2.4250495433807373,1.9152300357818604,0.0
1762168222.1820917,11.0,-12.0,-995.0,0,0,0,-2.4250495433807373,1.9152300357818604,0.0
1762168222.2833428,-6.0,-7.0,-1003.0,0,0,0,-2.4250495433807373,1.9152300357818604,0.0
1762168222.38485,11.0,-15.0,-999.0,0,0,0,-2.4250495433807373,1.9152300357818604,0.0
1762168222.5009801,8.0,-4.0,-1015.0,0,0,0,-2.4250495433807373,1.9152300357818604,0.0
1762168222.6016505,-16.0,-4.0,-995.0,0,0,0,-2.4250495433807373,1.9152300357818604,0.0
1762168222.703402,-5.0,-16.0,-990.0,0,0,0,-2.4250495433807373,1.9152300357818604,0.0
1762168222.8039646,0.0,-8.0,-981.0,0,0,0,-2.4250495433807373,1.9152300357818604,0.0
1762168222.9042516,8.0,-12.0,-979.0,0,0,0,-2.4250495433807373,1.9152300357818604,0.0
1762168223.0186625,-6.0,-13.0,-990.0,0,0,0,-2.4250495433807373,1.9152300357818604,0.0
1762168223.1191444,-8.0,-21.0,-1023.0,0,0,0,-2.4250495433807373,1.9152300357818604,0.0
1762168223.2200115,-3.0,-11.0,-993.0,0,0,0,-2.4250495433807373,1.9152300357818604,0.0
1762168223.3355107,12.0,-20.0,-993.0,0,0,0,-2.4250495433807373,1.9152300357818604,0.0
1762168223.4509335,-17.0,-7.0,-1023.0,0,0,0,-2.4250495433807373,1.9152300357818604,0.0
1762168223.552106,-13.0,-16.0,-1009.0,0,0,0,-2.4250495433807373,1.9152300357818604,0.0
1762168223.6566234,0.0,-13.0,-1011.0,0,0,0,-2.4250495433807373,1.9152300357818604,0.0
1762168223.768758,-3.0,-17.0,-1004.0,0,0,0,-2.4250495433807373,1.9152300357818604,0.0
1762168223.88443,0.0,-18.0,-1000.0,0,0,0,-2.4250495433807373,1.9152300357818604,0.0
1762168224.0027282,-5.0,-13.0,-1003.0,0,-1,0,-2.4250495433807373,1.7969317436218262,0.0
1762168224.1182182,11.0,-17.0,-1004.0,0,-1,0,-2.4250495433807373,1.6814417839050293,0.0
1762168224.2338974,0.0,-13.0,-986.0,1,-1,0,-2.309370279312134,1.5657625198364258,0.0
1762168224.3351488,11.0,-24.0,-971.0,1,-1,0,-2.2081189155578613,1.4645111560821533,0.0
1762168224.4359891,12.0,-18.0,-989.0,1,-1,0,-2.10727858543396,1.363670825958252,0.0
1762168224.552293,10.0,-19.0,-991.0,1,-1,0,-1.9909746646881104,1.2473669052124023,0.0
1762168224.6542518,-13.0,-26.0,-1026.0,0,-1,0,-1.9909746646881104,1.1454081535339355,0.0
1762168224.7676733,0.0,-20.0,-985.0,0,-1,0,-1.9909746646881104,1.0319867134094238,0.0
1762168224.8692894,4.0,-25.0,-997.0,0,-1,0,-1.9909746646881104,0.930370569229126,0.0
1762168224.983115,6.0,-25.0,-1004.0,0,-1,0,-1.9909746646881104,0.8165450096130371,0.0
1762168225.0844421,4.0,-19.0,-987.0,0,-1,0,-1.9909746646881104,0.7152178287506104,0.0
1762168225.202149,-18.0,-3.0,-1008.0,0,-1,0,-1.9909746646881104,0.5975110530853271,0.0
1762168225.3170607,-2.0,-12.0,-998.0,0,-1,0,-1.9909746646881104,0.48259925842285156,0.0
1762168225.419174,-19.0,-51.0,-1019.0,0,-1,0,-1.9909746646881104,0.38048601150512695,0.0
1762168225.5403805,21.0,-8.0,-922.0,0,-1,0,-1.9909746646881104,0.2592794895172119,0.0
1762168225.6543202,3.0,-35.0,-1005.0,0,-1,-1,-1.9909746646881104,0.1453397274017334,-0.11393976211547852
1762168225.767363,-7.0,-25.0,-988.0,-1,-2,-1,-2.104017496109009,-0.08074593544006348,-0.22698259353637695
1762168225.869125,-11.0,-36.0,-1029.0,-2,-2,-1,-2.3075411319732666,-0.2842695713043213,-0.32874441146850586
1762168225.982069,-29.0,-50.0,-1057.0,-1,-2,0,-2.420485258102417,-0.5101578235626221,-0.32874441146850586
1762168226.0856702,16.0,-17.0,-1022.0,0,-1,0,-2.420485258102417,-0.6137590408325195,-0.32874441146850586
1762168226.2011874,27.0,-23.0,-1001.0,0,0,0,-2.420485258102417,-0.6137590408325195,-0.32874441146850586
1762168226.318606,-1.0,-39.0,-1044.0,1,0,0,-2.3030667304992676,-0.6137590408325195,-0.32874441146850586
1762168226.4344919,27.0,-22.0,-993.0,1,0,0,-2.187180757522583,-0.6137590408325195,-0.32874441146850586
1762168226.5353098,7.0,-12.0,-1028.0,1,0,0,-2.086362838745117,-0.6137590408325195,-0.32874441146850586
1762168226.6368525,0.0,-28.0,-1021.0,1,0,0,-1.9848201274871826,-0.6137590408325195,-0.32874441146850586
1762168226.751952,16.0,-7.0,-1001.0,2,0,0,-1.7546212673187256,-0.6137590408325195,-0.32874441146850586
1762168226.865953,29.0,-18.0,-990.0,2,0,0,-1.5266191959381104,-0.6137590408325195,-0.32874441146850586
1762168226.9665465,11.0,-17.0,-990.0,2,0,0,-1.3254320621490479,-0.6137590408325195,-0.32874441146850586
1762168227.0853813,12.0,-10.0,-977.0,2,0,0,-1.0877625942230225,-0.6137590408325195,-0.32874441146850586
1762168227.1868992,15.0,-22.0,-978.0,2,0,0,-0.8847267627716064,-0.6137590408325195,-0.32874441146850586
1762168227.3000684,1.0,-1.0,-1016.0,1,0,0,-0.7715575695037842,-0.6137590408325195,-0.32874441146850586
1762168227.4023156,18.0,3.0,-976.0,1,0,0,-0.6693103313446045,-0.6137590408325195,-0.32874441146850586
1762168227.5045924,4.0,-21.0,-986.0,1,0,0,-0.5670335292816162,-0.6137590408325195,-0.32874441146850586
1762168227.6189337,-1.0,-7.0,-976.0,1,0,0,-0.45269227027893066,-0.6137590408325195,-0.32874441146850586
1762168227.7342403,36.0,-6.0,-972.0,2,0,0,-0.22207903861999512,-0.6137590408325195,-0.32874441146850586
1762168227.8354223,5.0,-14.0,-995.0,3,0,0,0.0814669132232666,-0.6137590408325195,-0.32874441146850586
1762168227.951363,4.0,-10.0,-987.0,4,0,0,0.5452301502227783,-0.6137590408325195,-0.32874441146850586
1762168228.0688453,22.0,-7.0,-980.0,4,0,0,1.0151588916778564,-0.6137590408325195,-0.32874441146850586
1762168228.1700041,33.0,-29.0,-976.0,5,0,0,1.5209531784057617,-0.6137590408325195,-0.32874441146850586
1762168228.2831545,15.0,-7.0,-1013.0,5,0,0,2.086704969406128,-0.6137590408325195,-0.32874441146850586
1762168228.3851898,34.0,-31.0,-1006.0,5,0,0,2.59688138961792,-0.6137590408325195,-0.32874441146850586
1762168228.487786,26.0,1.0,-1022.0,5,0,0,3.109862804412842,-0.6137590408325195,-0.32874441146850586
1762168228.6023026,36.0,-13.0,-1006.0,5,0,0,3.6824452877044678,-0.6137590408325195,-0.32874441146850586
1762168228.7181013,41.0,-7.0,-1009.0,5,0,0,4.261438846588135,-0.6137590408325195,-0.32874441146850586
1762168228.81879,43.0,-3.0,-989.0,5,0,0,4.764882326126099,-0.6137590408325195,-0.32874441146850586
1762168228.9194534,31.0,-19.0,-1011.0,5,0,0,5.268199443817139,-0.6137590408325195,-0.32874441146850586
1762168229.0331771,37.0,-7.0,-986.0,5,0,0,5.836818218231201,-0.6137590408325195,-0.32874441146850586
1762168229.1355743,35.0,-9.0,-997.0,5,0,0,6.348804235458374,-0.6137590408325195,-0.32874441146850586
1762168229.251504,21.0,-4.0,-1025.0,5,0,0,6.928452253341675,-0.6137590408325195,-0.32874441146850586
1762168229.352159,49.0,-3.0,-1004.0,5,0,0,7.431727647781372,-0.6137590408325195,-0.32874441146850586
1762168229.468941,23.0,-22.0,-1017.0,5,0,0,8.015637397766113,-0.6137590408325195,-0.32874441146850586
1762168229.570477,22.0,-29.0,-999.0,5,0,0,8.523317575454712,-0.6137590408325195,-0.32874441146850586
1762168229.670841,36.0,0.0,-1016.0,5,0,0,9.025137424468994,-0.6137590408325195,-0.32874441146850586
1762168229.7714846,20.0,-4.0,-1009.0,5,0,0,9.528355598449707,-0.6137590408325195,-0.32874441146850586
1762168229.8868482,41.0,-13.0,-1003.0,4,0,0,9.9898099899292,-0.6137590408325195,-0.32874441146850586
1762168230.0021658,25.0,-27.0,-1002.0,4,0,0,10.451080322265625,-0.6137590408325195,-0.32874441146850586
1762168230.1170218,19.0,-19.0,-1012.0,4,0,0,10.910504341125488,-0.6137590408325195,-0.32874441146850586
1762168230.2184565,19.0,-19.0,-1012.0,4,0,0,11.316243171691895,-0.6137590408325195,-0.32874441146850586
1762168230.3358245,22.0,-22.0,-1004.0,4,0,0,11.785715103149414,-0.6137590408325195,-0.32874441146850586
1762168230.4499578,11.0,-8.0,-1005.0,4,0,0,12.24224853515625,-0.6137590408325195,-0.32874441146850586
1762168230.5522296,29.0,-6.0,-999.0,4,0,0,12.651335716247559,-0.6137590408325195,-0.32874441146850586
1762168230.6541765,20.0,-5.0,-1002.0,4,0,0,13.059123039245605,-0.6137590408325195,-0.32874441146850586
1762168230.7690578,2.0,-17.0,-1016.0,4,0,0,13.518648147583008,-0.6137590408325195,-0.32874441146850586
1762168230.8703423,29.0,-33.0,-1019.0,4,0,0,13.923786163330078,-0.6137590408325195,-0.32874441146850586
1762168230.9707425,26.0,-3.0,-994.0,5,0,0,14.425787210464478,-0.6137590408325195,-0.32874441146850586
1762168231.0712671,33.0,-21.0,-1015.0,5,0,0,14.928410530090332,-0.6137590408325195,-0.32874441146850586
1762168231.1855986,18.0,-3.0,-1003.0,5,0,0,15.500067949295044,-0.6137590408325195,-0.32874441146850586
1762168231.286472,42.0,-10.0,-997.0,5,0,0,16.004435300827026,-0.6137590408325195,-0.32874441146850586
1762168231.4014866,51.0,-9.0,-998.0,5,0,0,16.579508066177368,-0.6137590408325195,-0.32874441146850586
1762168231.5022326,26.0,-14.0,-1011.0,5,0,0,17.083237648010254,-0.6137590408325195,-0.32874441146850586
1762168231.6028085,31.0,-24.0,-1012.0,5,0,0,17.586117267608643,-0.6137590408325195,-0.32874441146850586
1762168231.7173183,21.0,-9.0,-985.0,5,0,0,18.158666372299194,-0.6137590408325195,-0.32874441146850586
1762168231.8349993,42.0,-5.0,-969.0,5,0,0,18.747071504592896,-0.6137590408325195,-0.32874441146850586
1762168231.9362063,22.0,-17.0,-1033.0,5,0,0,19.253106594085693,-0.6137590408325195,-0.32874441146850586
1762168232.0521507,56.0,-13.0,-975.0,5,0,0,19.832828521728516,-0.6137590408325195,-0.32874441146850586
1762168232.1528714,23.0,-7.0,-1021.0,5,0,0,20.336431741714478,-0.6137590408325195,-0.32874441146850586
1762168232.2680762,27.0,-6.0,-987.0,5,0,0,20.912455797195435,-0.6137590408325195,-0.32874441146850586
1762168232.384479,28.0,-12.0,-998.0,5,0,0,21.49447011947632,-0.6137590408325195,-0.32874441146850586
1762168232.4967613,20.0,-7.0,-988.0,5,0,0,22.05588150024414,-0.6137590408325195,-0.32874441146850586
1762168232.5993707,56.0,-19.0,-992.0,5,0,0,22.568928480148315,-0.6137590408325195,-0.32874441146850586
1762168232.712463,33.0,-8.0,-978.0,4,0,0,23.021297216415405,-0.6137590408325195,-0.32874441146850586
1762168232.8192627,36.0,-7.0,-966.0,4,0,0,23.4484965801239,-0.6137590408325195,-0.32874441146850586
1762168232.935076,22.0,-27.0,-1008.0,3,0,0,23.795936346054077,-0.6137590408325195,-0.32874441146850586
1762168233.0369833,9.0,-16.0,-961.0,3,0,0,24.10165810585022,-0.6137590408325195,-0.32874441146850586
1762168233.1519532,28.0,-8.0,-924.0,2,0,-1,24.331598043441772,-0.6137590408325195,-0.4437143802642822
1762168233.2529163,19.0,-15.0,-908.0,2,0,-2,24.53352427482605,-0.6137590408325195,-0.6456406116485596
1762168233.3680336,19.0,-14.0,-933.0,1,0,-3,24.64864158630371,-0.6137590408325195,-0.990992546081543
1762168233.469623,18.0,-9.0,-955.0,1,0,-3,24.75023102760315,-0.6137590408325195,-1.2957608699798584
1762168233.5710318,11.0,-7.0,-944.0,1,0,-4,24.85163974761963,-0.6137590408325195,-1.7013957500457764
1762168233.6835873,20.0,-16.0,-950.0,1,0,-4,24.964195251464844,-0.6137590408325195,-2.1516177654266357
1762168233.7974734,16.0,-2.0,-954.0,1,0,-5,25.078081369400024,-0.6137590408325195,-2.721048355102539
1762168233.9114761,-12.0,-12.0,-994.0,0,0,-5,25.078081369400024,-0.6137590408325195,-3.2910618782043457
1762168234.0235794,3.0,-5.0,-966.0,0,0,-5,25.078081369400024,-0.6137590408325195,-3.8515779972076416
1762168234.1354222,0.0,-10.0,-989.0,0,0,-5,25.078081369400024,-0.6137590408325195,-4.410792350769043
1762168234.2479331,4.0,-10.0,-1034.0,0,0,-5,25.078081369400024,-0.6137590408325195,-4.973346948623657
1762168234.3615756,10.0,-19.0,-981.0,0,0,-5,25.078081369400024,-0.6137590408325195,-5.541559219360352
1762168234.4742131,-6.0,-22.0,-1036.0,0,0,-5,25.078081369400024,-0.6137590408325195,-6.1047468185424805
1762168234.5861752,6.0,-21.0,-1024.0,0,0,-4,25.078081369400024,-0.6137590408325195,-6.552595138549805
1762168234.7012618,-23.0,-18.0,-1085.0,0,0,-4,25.078081369400024,-0.6137590408325195,-7.012941360473633
1762168234.813071,-10.0,10.0,-1144.0,0,0,-3,25.078081369400024,-0.6137590408325195,-7.348369121551514
1762168234.9257896,-9.0,-21.0,-1149.0,0,0,-1,25.078081369400024,-0.6137590408325195,-7.461087703704834
1762168235.03837,-8.0,-7.0,-1000.0,0,0,0,25.078081369400024,-0.6137590408325195,-7.461087703704834
1762168235.151216,-10.0,-21.0,-958.0,0,0,0,25.078081369400024,-0.6137590408325195,-7.461087703704834
1762168235.266738,13.0,-23.0,-937.0,0,0,0,25.078081369400024,-0.6137590408325195,-7.461087703704834
1762168235.3795896,-43.0,-11.0,-1905.0,0,0,0,25.078081369400024,-0.6137590408325195,-7.461087703704834
1762168235.492126,80.0,73.0,-941.0,0,0,0,25.078081369400024,-0.6137590408325195,-7.461087703704834
1762168235.6049414,24.0,25.0,-1057.0,0,0,0,25.078081369400024,-0.6137590408325195,-7.461087703704834
1762168235.7187724,8.0,-4.0,-1018.0,0,0,0,25.078081369400024,-0.6137590408325195,-7.461087703704834
1762168235.8323193,6.0,-2.0,-1008.0,0,0,0,25.078081369400024,-0.6137590408325195,-7.461087703704834
1762168235.9455976,4.0,-6.0,-1000.0,0,0,0,25.078081369400024,-0.6137590408325195,-7.461087703704834
1762168236.0580218,-8.0,-16.0,-994.0,0,0,0,25.078081369400024,-0.6137590408325195,-7.461087703704834
1762168236.1702225,0.0,-10.0,-1001.0,0,0,0,25.078081369400024,-0.6137590408325195,-7.461087703704834
1762168236.2845263,-4.0,4.0,-1003.0,0,0,0,25.078081369400024,-0.6137590408325195,-7.461087703704834
1762168236.397214,0.0,0.0,-1000.0,0,0,0,25.078081369400024,-0.6137590408325195,-7.461087703704834
1762168236.5095797,-3.0,-3.0,-1002.0,0,0,0,25.078081369400024,-0.6137590408325195,-7.461087703704834
1762168236.6210642,-3.0,0.0,-1004.0,0,0,1,25.078081369400024,-0.6137590408325195,-7.349603176116943
1762168236.7325046,3.0,-3.0,-1004.0,0,0,1,25.078081369400024,-0.6137590408325195,-7.2381627559661865
1762168236.8486903,0.0,-4.0,-1008.0,0,0,1,25.078081369400024,-0.6137590408325195,-7.121977090835571
1762168236.9610806,-2.0,-2.0,-1004.0,0,0,1,25.078081369400024,-0.6137590408325195,-7.009586811065674
1762168237.0725753,-4.0,-3.0,-1007.0,0,0,1,25.078081369400024,-0.6137590408325195,-6.898092031478882
1762168237.1847508,0.0,0.0,-1007.0,0,0,2,25.078081369400024,-0.6137590408325195,-6.673741102218628
1762168237.297853,-5.0,-2.0,-1004.0,0,0,2,25.078081369400024,-0.6137590408325195,-6.4475367069244385
1762168237.39887,-3.0,-2.0,-1004.0,0,0,2,25.078081369400024,-0.6137590408325195,-6.245502710342407
1762168237.5114768,-2.0,-4.0,-1003.0,0,0,2,25.078081369400024,-0.6137590408325195,-6.020289182662964
1762168237.6235993,-1.0,-5.0,-1003.0,0,0,2,25.078081369400024,-0.6137590408325195,-5.796044111251831
1762168237.7359347,-4.0,-5.0,-1003.0,0,0,2,25.078081369400024,-0.6137590408325195,-5.571373224258423
1762168237.8514318,0.0,-5.0,-1006.0,0,0,2,25.078081369400024,-0.6137590408325195,-5.340378999710083
1762168237.9624355,-1.0,-5.0,-1009.0,0,0,2,25.078081369400024,-0.6137590408325195,-5.1183717250823975
1762168238.074572,0.0,-1.0,-1007.0,0,0,2,25.078081369400024,-0.6137590408325195,-4.894098520278931
1762168238.187,-1.0,-3.0,-1009.0,0,0,2,25.078081369400024,-0.6137590408325195,-4.66924262046814
1762168238.298965,-2.0,-3.0,-1007.0,0,0,2,25.078081369400024,-0.6137590408325195,-4.445312738418579
1762168238.4002938,1.0,-1.0,-1010.0,0,0,2,25.078081369400024,-0.6137590408325195,-4.242655038833618
1762168238.511113,0.0,-2.0,-1006.0,0,0,2,25.078081369400024,-0.6137590408325195,-4.021016836166382
1762168238.622443,0.0,-3.0,-1009.0,0,0,2,25.078081369400024,-0.6137590408325195,-3.798356771469116
1762168238.7267992,-4.0,-4.0,-1007.0,0,0,2,25.078081369400024,-0.6137590408325195,-3.589644193649292
1762168238.8333294,0.0,-4.0,-1008.0,0,0,2,25.078081369400024,-0.6137590408325195,-3.3765838146209717
1762168238.948573,-3.0,-4.0,-1008.0,0,0,2,25.078081369400024,-0.6137590408325195,-3.1460964679718018
1762168239.0515828,-1.0,-3.0,-1008.0,0,0,2,25.078081369400024,-0.6137590408325195,-2.940077066421509
1762168239.1657975,-2.0,-3.0,-1007.0,0,0,2,25.078081369400024,-0.6137590408325195,-2.7116477489471436
1762168239.276465,-2.0,-4.0,-1008.0,0,0,2,25.078081369400024,-0.6137590408325195,-2.4903128147125244
1762168239.3865793,0.0,-3.0,-1008.0,0,0,2,25.078081369400024,-0.6137590408325195,-2.2700841426849365
1762168239.4951982,0.0,-6.0,-1007.0,0,0,2,25.078081369400024,-0.6137590408325195,-2.0528461933135986
1762168239.6010153,0.0,-5.0,-1007.0,0,0,2,25.078081369400024,-0.6137590408325195,-1.8412120342254639
1762168239.7023487,-5.0,-4.0,-1008.0,0,0,2,25.078081369400024,-0.6137590408325195,-1.638545274734497
1762168239.8026865,0.0,-3.0,-1011.0,0,0,2,25.078081369400024,-0.6137590408325195,-1.4378697872161865
1762168239.9175198,0.0,-1.0,-1010.0,0,0,2,25.078081369400024,-0.6137590408325195,-1.2082030773162842
1762168240.0204234,1.0,-4.0,-1007.0,0,0,2,25.078081369400024,-0.6137590408325195,-1.0023958683013916
1762168240.1211777,-4.0,-3.0,-1006.0,0,0,2,25.078081369400024,-0.6137590408325195,-0.8008873462677002
1762168240.2221384,-1.0,-3.0,-1008.0,0,0,2,25.078081369400024,-0.6137590408325195,-0.5989658832550049
1762168240.335164,-2.0,-3.0,-1009.0,0,0,2,25.078081369400024,-0.6137590408325195,-0.37291455268859863
1762168240.4368978,-1.0,-4.0,-1010.0,0,0,2,25.078081369400024,-0.6137590408325195,-0.1694471836090088
1762168240.552439,-1.0,-4.0,-1008.0,0,0,2,25.078081369400024,-0.6137590408325195,0.06163525581359863
1762168240.65634,0.0,-5.0,-1008.0,0,0,2,25.078081369400024,-0.6137590408325195,0.2694370746612549
1762168240.7653856,-1.0,-4.0,-1008.0,0,0,2,25.078081369400024,-0.6137590408325195,0.48752856254577637
1762168240.8793843,-2.0,-1.0,-1011.0,0,0,2,25.078081369400024,-0.6137590408325195,0.7155258655548096
1762168240.9920297,-2.0,-5.0,-1005.0,0,0,2,25.078081369400024,-0.6137590408325195,0.9408166408538818
1762168241.100009,0.0,-5.0,-1006.0,0,0,2,25.078081369400024,-0.6137590408325195,1.1567752361297607
1762168241.215429,-2.0,-3.0,-1007.0,0,0,2,25.078081369400024,-0.6137590408325195,1.387615442276001
1762168241.327943,-1.0,-5.0,-1006.0,0,0,2,25.078081369400024,-0.6137590408325195,1.6126434803009033
1762168241.4401627,1.0,-7.0,-1009.0,0,0,2,25.078081369400024,-0.6137590408325195,1.8370826244354248
1762168241.551908,-3.0,-3.0,-1009.0,0,0,2,25.078081369400024,-0.6137590408325195,2.0605733394622803
1762168241.666,-1.0,-3.0,-1004.0,0,0,2,25.078081369400024,-0.6137590408325195,2.288757085800171
1762168241.7811558,0.0,-5.0,-1007.0,0,0,2,25.078081369400024,-0.6137590408325195,2.519068956375122
1762168241.8941758,-1.0,-5.0,-1007.0,0,0,2,25.078081369400024,-0.6137590408325195,2.7451088428497314
1762168241.9960918,-2.0,-1.0,-1007.0,0,0,2,25.078081369400024,-0.6137590408325195,2.9489409923553467
1762168242.0991971,-4.0,-5.0,-1005.0,0,0,2,25.078081369400024,-0.6137590408325195,3.155151605606079
1762168242.2028668,0.0,-1.0,-1007.0,0,0,2,25.078081369400024,-0.6137590408325195,3.3624908924102783
1762168242.314961,0.0,-4.0,-1006.0,0,0,2,25.078081369400024,-0.6137590408325195,3.586679220199585
1762168242.4283164,-3.0,-4.0,-1005.0,0,0,1,25.078081369400024,-0.6137590408325195,3.7000346183776855
1762168242.5350718,-1.0,-3.0,-1003.0,0,0,1,25.078081369400024,-0.6137590408325195,3.8067901134490967
1762168242.6479707,0.0,-4.0,-1005.0,0,0,1,25.078081369400024,-0.6137590408325195,3.9196889400482178
1762168242.7533114,-2.0,-5.0,-1000.0,0,0,1,25.078081369400024,-0.6137590408325195,4.02502965927124
1762168242.8563247,0.0,-3.0,-1004.0,0,0,0,25.078081369400024,-0.6137590408325195,4.02502965927124
1762168242.9664786,-2.0,-2.0,-1002.0,0,0,0,25.078081369400024,-0.6137590408325195,4.02502965927124
1762168243.0701883,0.0,0.0,-1002.0,0,0,0,25.078081369400024,-0.6137590408325195,4.02502965927124
1762168243.1814039,-2.0,-5.0,-1004.0,0,0,0,25.078081369400024,-0.6137590408325195,4.02502965927124
1762168243.2858589,-3.0,-4.0,-1002.0,0,0,0,25.078081369400024,-0.6137590408325195,4.02502965927124
1762168243.3865755,-2.0,-5.0,-1005.0,0,0,0,25.078081369400024,-0.6137590408325195,4.02502965927124
1762168243.5020525,-3.0,-5.0,-1005.0,0,0,0,25.078081369400024,-0.6137590408325195,4.02502965927124
1762168243.618669,0.0,-4.0,-1004.0,0,0,0,25.078081369400024,-0.6137590408325195,4.02502965927124
1762168243.7353182,-1.0,-5.0,-1004.0,0,0,0,25.078081369400024,-0.6137590408325195,4.02502965927124
1762168243.836698,-1.0,-3.0,-1003.0,0,0,0,25.078081369400024,-0.6137590408325195,4.02502965927124
1762168243.951388,-2.0,-3.0,-1002.0,0,0,0,25.078081369400024,-0.6137590408325195,4.02502965927124
1762168244.0546014,0.0,-2.0,-1003.0,0,0,0,25.078081369400024,-0.6137590408325195,4.02502965927124
1762168244.1624138,-1.0,-2.0,-1001.0,0,0,0,25.078081369400024,-0.6137590408325195,4.02502965927124
1762168244.2754555,-2.0,-3.0,-1002.0,0,0,0,25.078081369400024,-0.6137590408325195,4.02502965927124
1762168244.38304,-3.0,-3.0,-1000.0,0,0,0,25.078081369400024,-0.6137590408325195,4.02502965927124
1762168244.4953506,-1.0,-2.0,-1004.0,0,0,0,25.078081369400024,-0.6137590408325195,4.02502965927124
1762168244.5995224,0.0,-4.0,-1003.0,0,0,0,25.078081369400024,-0.6137590408325195,4.02502965927124
1762168244.711702,0.0,-4.0,-996.0,0,0,0,25.078081369400024,-0.6137590408325195,4.02502965927124
1762168244.823787,-1.0,-3.0,-1001.0,0,0,0,25.078081369400024,-0.6137590408325195,4.02502965927124
1762168244.932155,0.0,-2.0,-1000.0,0,0,0,25.078081369400024,-0.6137590408325195,4.02502965927124
1762168245.0349236,0.0,-2.0,-999.0,0,0,0,25.078081369400024,-0.6137590408325195,4.02502965927124
1762168245.1491318,-1.0,-4.0,-1001.0,0,0,0,25.078081369400024,-0.6137590408325195,4.02502965927124
1762168245.261449,-1.0,-3.0,-998.0,0,0,0,25.078081369400024,-0.6137590408325195,4.02502965927124
1762168245.373125,-1.0,-3.0,-1001.0,0,0,0,25.078081369400024,-0.6137590408325195,4.02502965927124
1762168245.480317,-2.0,-4.0,-1001.0,0,0,0,25.078081369400024,-0.6137590408325195,4.02502965927124
1762168245.5824738,0.0,-3.0,-1001.0,0,0,0,25.078081369400024,-0.6137590408325195,4.02502965927124
1762168245.6944003,-2.0,-4.0,-998.0,0,0,0,25.078081369400024,-0.6137590408325195,4.02502965927124
1762168245.8074331,-1.0,-2.0,-998.0,0,0,0,25.078081369400024,-0.6137590408325195,4.02502965927124
1762168245.9192069,-1.0,-3.0,-998.0,0,0,0,25.078081369400024,-0.6137590408325195,4.02502965927124
1762168246.0341423,-1.0,-3.0,-1000.0,0,0,0,25.078081369400024,-0.6137590408325195,4.02502965927124
1762168246.1474788,-1.0,-3.0,-999.0,0,0,0,25.078081369400024,-0.6137590408325195,4.02502965927124
1762168246.2597563,-2.0,-3.0,-1000.0,0,0,0,25.078081369400024,-0.6137590408325195,4.02502965927124
1762168246.3715262,-1.0,-3.0,-999.0,0,0,0,25.078081369400024,-0.6137590408325195,4.02502965927124
1762168246.485743,-1.0,-2.0,-997.0,0,0,0,25.078081369400024,-0.6137590408325195,4.02502965927124
1762168246.6014462,-1.0,-4.0,-998.0,0,0,0,25.078081369400024,-0.6137590408325195,4.02502965927124
1762168246.7135305,-1.0,-2.0,-999.0,0,0,0,25.078081369400024,-0.6137590408325195,4.02502965927124
1762168246.8237007,-2.0,-4.0,-999.0,0,0,0,25.078081369400024,-0.6137590408325195,4.02502965927124
1762168246.9357195,-2.0,-2.0,-1000.0,0,0,0,25.078081369400024,-0.6137590408325195,4.02502965927124
1762168247.0361855,-1.0,-3.0,-1001.0,0,0,0,25.078081369400024,-0.6137590408325195,4.02502965927124
1762168247.1474693,0.0,-3.0,-999.0,0,0,0,25.078081369400024,-0.6137590408325195,4.02502965927124
1762168247.2589676,-3.0,-3.0,-1001.0,0,0,0,25.078081369400024,-0.6137590408325195,4.02502965927124
1762168247.3716218,-2.0,-3.0,-999.0,0,0,0,25.078081369400024,-0.6137590408325195,4.02502965927124
1762168247.4847343,0.0,-4.0,-998.0,0,0,0,25.078081369400024,-0.6137590408325195,4.02502965927124
1762168247.601296,-1.0,-3.0,-996.0,0,0,0,25.078081369400024,-0.6137590408325195,4.02502965927124
1762168247.7124572,-1.0,-3.0,-998.0,0,0,0,25.078081369400024,-0.6137590408325195,4.02502965927124
1762168247.8247874,-2.0,-4.0,-1000.0,0,0,0,25.078081369400024,-0.6137590408325195,4.02502965927124
1762168247.9366102,-1.0,-3.0,-998.0,0,0,0,25.078081369400024,-0.6137590408325195,4.02502965927124
1762168248.0501785,-2.0,-3.0,-997.0,0,0,0,25.078081369400024,-0.6137590408325195,4.02502965927124
1762168248.1652029,-2.0,-3.0,-998.0,0,0,0,25.078081369400024,-0.6137590408325195,4.02502965927124
1762168248.276597,-1.0,-3.0,-1000.0,0,0,0,25.078081369400024,-0.6137590408325195,4.02502965927124
1762168248.3896413,0.0,-3.0,-1000.0,0,0,0,25.078081369400024,-0.6137590408325195,4.02502965927124
1762168248.5013118,-1.0,-3.0,-999.0,0,0,0,25.078081369400024,-0.6137590408325195,4.02502965927124
1762168248.6168692,0.0,-1.0,-999.0,0,0,0,25.078081369400024,-0.6137590408325195,4.02502965927124
1762168248.7294421,-1.0,-4.0,-998.0,0,0,0,25.078081369400024,-0.6137590408325195,4.02502965927124
1762168248.8420098,0.0,-2.0,-1000.0,0,0,0,25.078081369400024,-0.6137590408325195,4.02502965927124
1762168248.9539561,-2.0,-4.0,-1001.0,0,0,0,25.078081369400024,-0.6137590408325195,4.02502965927124
1762168249.0659828,0.0,-3.0,-1002.0,0,0,0,25.078081369400024,-0.6137590408325195,4.02502965927124
1762168249.1819024,-2.0,-3.0,-998.0,0,0,0,25.078081369400024,-0.6137590408325195,4.02502965927124
1762168249.294535,-1.0,-2.0,-1002.0,0,0,0,25.078081369400024,-0.6137590408325195,4.02502965927124
1762168249.4052217,0.0,-3.0,-999.0,0,0,0,25.078081369400024,-0.6137590408325195,4.02502965927124
1762168249.5168452,0.0,-2.0,-1001.0,0,0,0,25.078081369400024,-0.6137590408325195,4.02502965927124
1762168249.6183143,-2.0,-1.0,-996.0,0,0,0,25.078081369400024,-0.6137590408325195,4.02502965927124
1762168249.7321723,-1.0,-3.0,-999.0,0,0,0,25.078081369400024,-0.6137590408325195,4.02502965927124
1762168249.84355,0.0,-4.0,-999.0,0,0,0,25.078081369400024,-0.6137590408325195,4.02502965927124
1762168249.956824,-1.0,-3.0,-998.0,0,0,0,25.078081369400024,-0.6137590408325195,4.02502965927124
1762168250.068714,-2.0,-2.0,-999.0,0,0,0,25.078081369400024,-0.6137590408325195,4.02502965927124
1762168250.18441,-1.0,-2.0,-997.0,0,0,0,25.078081369400024,-0.6137590408325195,4.02502965927124
1762168250.2962964,0.0,-2.0,-1000.0,0,0,0,25.078081369400024,-0.6137590408325195,4.02502965927124
1762168250.409072,-2.0,-3.0,-999.0,0,0,0,25.078081369400024,-0.6137590408325195,4.02502965927124
1762168250.5102892,-3.0,-2.0,-1000.0,0,0,0,25.078081369400024,-0.6137590408325195,4.02502965927124
1762168250.6166031,-2.0,-3.0,-1000.0,0,0,0,25.078081369400024,-0.6137590408325195,4.02502965927124
1762168250.7178755,-3.0,-2.0,-999.0,0,0,0,25.078081369400024,-0.6137590408325195,4.02502965927124
1762168250.8302824,-1.0,-4.0,-998.0,0,0,0,25.078081369400024,-0.6137590408325195,4.02502965927124
1762168250.9424846,0.0,-3.0,-999.0,0,0,0,25.078081369400024,-0.6137590408325195,4.02502965927124
1762168251.052197,-2.0,-2.0,-996.0,0,0,0,25.078081369400024,-0.6137590408325195,4.02502965927124
1762168251.1635206,-1.0,-4.0,-998.0,0,0,0,25.078081369400024,-0.6137590408325195,4.02502965927124
1762168251.2686217,-1.0,-3.0,-996.0,0,0,0,25.078081369400024,-0.6137590408325195,4.02502965927124
1762168251.381492,-2.0,-3.0,-998.0,0,0,0,25.078081369400024,-0.6137590408325195,4.02502965927124
1762168251.493971,0.0,-4.0,-997.0,0,0,0,25.078081369400024,-0.6137590408325195,4.02502965927124
1762168251.6004276,-1.0,-4.0,-1003.0,0,0,0,25.078081369400024,-0.6137590408325195,4.02502965927124
1762168251.7123358,-2.0,-3.0,-999.0,0,0,0,25.078081369400024,-0.6137590408325195,4.02502965927124
1762168251.8154068,-1.0,-1.0,-998.0,0,0,0,25.078081369400024,-0.6137590408325195,4.02502965927124
1762168251.9277818,-1.0,-2.0,-999.0,0,0,0,25.078081369400024,-0.6137590408325195,4.02502965927124
1762168252.0347643,-2.0,-3.0,-1000.0,0,0,0,25.078081369400024,-0.6137590408325195,4.02502965927124
1762168252.14702,-1.0,-2.0,-995.0,0,0,0,25.078081369400024,-0.6137590408325195,4.02502965927124
1762168252.258166,-3.0,-2.0,-999.0,0,0,0,25.078081369400024,-0.6137590408325195,4.02502965927124
1762168252.3648174,-1.0,-4.0,-1000.0,0,0,0,25.078081369400024,-0.6137590408325195,4.02502965927124
1762168252.4780757,-2.0,-3.0,-1000.0,0,0,0,25.078081369400024,-0.6137590408325195,4.02502965927124
1762168252.5846794,-1.0,-2.0,-998.0,0,0,0,25.078081369400024,-0.6137590408325195,4.02502965927124
1762168252.6965096,-2.0,-2.0,-998.0,0,0,0,25.078081369400024,-0.6137590408325195,4.02502965927124
1762168252.802663,-1.0,-4.0,-999.0,0,0,0,25.078081369400024,-0.6137590408325195,4.02502965927124
1762168252.9145565,-3.0,-2.0,-998.0,0,0,0,25.078081369400024,-0.6137590408325195,4.02502965927124
1762168253.0302,-1.0,-3.0,-998.0,0,0,0,25.078081369400024,-0.6137590408325195,4.02502965927124
1762168253.131243,-2.0,-4.0,-999.0,0,0,0,25.078081369400024,-0.6137590408325195,4.02502965927124
1762168253.2442148,-1.0,-3.0,-997.0,0,0,0,25.078081369400024,-0.6137590408325195,4.02502965927124
1762168253.3509378,-1.0,-4.0,-1000.0,0,0,0,25.078081369400024,-0.6137590408325195,4.02502965927124
1762168253.4632704,0.0,-3.0,-1000.0,0,0,0,25.078081369400024,-0.6137590408325195,4.02502965927124
1762168253.5695226,-1.0,-3.0,-999.0,0,0,0,25.078081369400024,-0.6137590408325195,4.02502965927124
1762168253.681549,-2.0,-3.0,-998.0,0,0,0,25.078081369400024,-0.6137590408325195,4.02502965927124
1762168253.793159,-1.0,0.0,-1001.0,0,0,0,25.078081369400024,-0.6137590408325195,4.02502965927124
1762168253.901146,0.0,-3.0,-999.0,0,0,0,25.078081369400024,-0.6137590408325195,4.02502965927124
1762168254.0024717,-3.0,-3.0,-999.0,0,0,0,25.078081369400024,-0.6137590408325195,4.02502965927124
1762168254.1171927,-2.0,-2.0,-1000.0,0,0,0,25.078081369400024,-0.6137590408325195,4.02502965927124
1762168254.2285829,-2.0,-2.0,-1000.0,0,0,0,25.078081369400024,-0.6137590408325195,4.02502965927124
1762168254.3401093,-2.0,-3.0,-999.0,0,0,0,25.078081369400024,-0.6137590408325195,4.02502965927124
1762168254.441473,0.0,-2.0,-998.0,0,0,0,25.078081369400024,-0.6137590408325195,4.02502965927124
1762168254.552778,-1.0,-2.0,-1001.0,0,0,0,25.078081369400024,-0.6137590408325195,4.02502965927124
1762168254.658278,-2.0,-3.0,-996.0,0,0,0,25.078081369400024,-0.6137590408325195,4.02502965927124
1762168254.7702217,-2.0,-3.0,-998.0,0,0,0,25.078081369400024,-0.6137590408325195,4.02502965927124
1762168254.8705158,0.0,-1.0,-1001.0,0,0,0,25.078081369400024,-0.6137590408325195,4.02502965927124
1762168254.9710815,-1.0,-3.0,-1002.0,0,0,0,25.078081369400024,-0.6137590408325195,4.02502965927124
1762168255.0797226,-2.0,-4.0,-997.0,0,0,0,25.078081369400024,-0.6137590408325195,4.02502965927124
1762168255.1877038,-2.0,-1.0,-1002.0,0,0,0,25.078081369400024,-0.6137590408325195,4.02502965927124
1762168255.3026316,-1.0,-4.0,-997.0,0,0,0,25.078081369400024,-0.6137590408325195,4.02502965927124
1762168255.403163,0.0,-3.0,-1000.0,0,0,0,25.078081369400024,-0.6137590408325195,4.02502965927124
1762168255.5188327,-1.0,-3.0,-1002.0,0,0,0,25.078081369400024,-0.6137590408325195,4.02502965927124
1762168255.6200008,-1.0,-1.0,-1000.0,0,0,0,25.078081369400024,-0.6137590408325195,4.02502965927124
1762168255.7363205,-3.0,-2.0,-999.0,0,0,0,25.078081369400024,-0.6137590408325195,4.02502965927124
1762168255.8401737,-1.0,-4.0,-997.0,0,0,0,25.078081369400024,-0.6137590408325195,4.02502965927124
1762168255.9538698,-3.0,-3.0,-1000.0,0,0,0,25.078081369400024,-0.6137590408325195,4.02502965927124
1762168256.0542884,-2.0,-4.0,-999.0,0,0,0,25.078081369400024,-0.6137590408325195,4.02502965927124
1762168256.1658413,-2.0,-2.0,-999.0,0,0,0,25.078081369400024,-0.6137590408325195,4.02502965927124
1762168256.2697327,-2.0,-2.0,-998.0,0,0,0,25.078081369400024,-0.6137590408325195,4.02502965927124
1762168256.384425,-1.0,-3.0,-998.0,0,0,0,25.078081369400024,-0.6137590408325195,4.02502965927124
1762168256.4974482,0.0,-4.0,-998.0,0,0,0,25.078081369400024,-0.6137590408325195,4.02502965927124
1762168256.5987527,-1.0,-2.0,-1000.0,0,0,0,25.078081369400024,-0.6137590408325195,4.02502965927124
1762168256.7113485,-2.0,-2.0,-1001.0,0,0,0,25.078081369400024,-0.6137590408325195,4.02502965927124
1762168256.8202872,-1.0,-2.0,-998.0,0,0,0,25.078081369400024,-0.6137590408325195,4.02502965927124
1762168256.9354634,-2.0,-2.0,-999.0,0,0,0,25.078081369400024,-0.6137590408325195,4.02502965927124
1762168257.037164,-3.0,-2.0,-1000.0,0,0,0,25.078081369400024,-0.6137590408325195,4.02502965927124
1762168257.143488,-2.0,-2.0,-1000.0,0,0,0,25.078081369400024,-0.6137590408325195,4.02502965927124
1762168257.2512424,0.0,-2.0,-1000.0,0,0,0,25.078081369400024,-0.6137590408325195,4.02502965927124
1762168257.3642826,0.0,-3.0,-1000.0,0,0,0,25.078081369400024,-0.6137590408325195,4.02502965927124
1762168257.4761674,-2.0,-4.0,-999.0,0,0,0,25.078081369400024,-0.6137590408325195,4.02502965927124
1762168257.5854805,-1.0,-4.0,-1000.0,0,0,0,25.078081369400024,-0.6137590408325195,4.02502965927124
1762168257.702088,0.0,-3.0,-996.0,0,0,0,25.078081369400024,-0.6137590408325195,4.02502965927124
1762168257.8144412,-2.0,-4.0,-999.0,0,0,0,25.078081369400024,-0.6137590408325195,4.02502965927124
1762168257.9265451,-2.0,-3.0,-1002.0,0,0,0,25.078081369400024,-0.6137590408325195,4.02502965927124
1762168258.0395143,-1.0,-2.0,-1002.0,0,0,0,25.078081369400024,-0.6137590408325195,4.02502965927124
1762168258.1506605,-1.0,-3.0,-998.0,0,0,0,25.078081369400024,-0.6137590408325195,4.02502965927124
1762168258.2627473,0.0,-3.0,-1001.0,0,0,0,25.078081369400024,-0.6137590408325195,4.02502965927124
1762168258.3732524,0.0,-2.0,-1000.0,0,0,0,25.078081369400024,-0.6137590408325195,4.02502965927124
1762168258.4858723,-1.0,-2.0,-1000.0,0,0,0,25.078081369400024,-0.6137590408325195,4.02502965927124
1762168258.5970788,-3.0,-3.0,-998.0,0,0,0,25.078081369400024,-0.6137590408325195,4.02502965927124
1762168258.7007172,-2.0,-3.0,-1000.0,0,0,0,25.078081369400024,-0.6137590408325195,4.02502965927124
1762168258.8129494,-1.0,-1.0,-1001.0,0,0,0,25.078081369400024,-0.6137590408325195,4.02502965927124
1762168258.9240654,-2.0,-4.0,-998.0,0,0,0,25.078081369400024,-0.6137590408325195,4.02502965927124
1762168259.0358431,-1.0,-3.0,-999.0,0,0,0,25.078081369400024,-0.6137590408325195,4.02502965927124
1762168259.1474144,0.0,-2.0,-1000.0,0,0,0,25.078081369400024,-0.6137590408325195,4.02502965927124
1762168259.2487583,-2.0,-1.0,-1001.0,0,0,0,25.078081369400024,-0.6137590408325195,4.02502965927124
1762168259.3615568,0.0,-2.0,-1000.0,0,0,0,25.078081369400024,-0.6137590408325195,4.02502965927124
1762168259.472083,-1.0,-3.0,-999.0,0,0,0,25.078081369400024,-0.6137590408325195,4.02502965927124
1762168259.5833795,-1.0,-2.0,-999.0,0,0,0,25.078081369400024,-0.6137590408325195,4.02502965927124
1762168259.686185,-1.0,-4.0,-998.0,0,0,0,25.078081369400024,-0.6137590408325195,4.02502965927124
1762168259.7978399,-1.0,-1.0,-1001.0,0,0,0,25.078081369400024,-0.6137590408325195,4.02502965927124
1762168259.908757,-1.0,-2.0,-999.0,0,0,0,25.078081369400024,-0.6137590408325195,4.02502965927124
